Entity,Total Prevalence,Tracking Prevalence,Non-tracking Prevalence
"Google LLC",0.838,0.757,0.0805
"Amazon Technologies, Inc.",0.171,0.106,0.0658
"Facebook, Inc.",0.17,0.154,0.0163
"Cloudflare, Inc.",0.15,0.103,0.0467
"Microsoft Corporation",0.105,0.0934,0.0112
"Adobe Inc.",0.0916,0.0637,0.0279
"Prospect One",0.0806,0.033,0.0476
"Hotjar Ltd",0.0757,0.0733,0.00241
"OneTrust LLC",0.0713,0.0694,0.00191
"Quantcast Corporation",0.0634,0.0626,0.000803
"Akamai Technologies",0.0632,0.0405,0.0227
"StackPath, LLC",0.0589,0.00562,0.0533
"Xandr, Inc.",0.0544,0.0416,0.0129
"Cybot ApS",0.0476,0.0474,0.000201
"LiveRamp Holdings, Inc.",0.0465,0.0349,0.0115
"New Relic",0.0451,0.0423,0.00281
"PubMatic, Inc.",0.0442,0.0398,0.00442
"ExoClick, S.L.",0.0439,0.0431,0.000803
"ID5 Technology Ltd",0.0432,0.0362,0.00693
"comScore, Inc",0.0418,0.0401,0.00171
"Fonticons Inc",0.0417,0.00622,0.0354
"OpenJS Foundation",0.0413,0.0253,0.016
"Magnite, Inc.",0.0412,0.018,0.0232
"Oracle Corporation",0.0409,0.0356,0.00522
"Verizon Media",0.0405,0.0338,0.00663
"Automattic, Inc.",0.0404,0.0264,0.014
"Criteo SA",0.0398,0.0219,0.0179
"Twitter, Inc.",0.0392,0.0361,0.00301
"Index Exchange, Inc.",0.0383,0.0319,0.00633
"The Trade Desk Inc",0.0371,0.000602,0.0365
"unpkg",0.0356,0.00693,0.0287
"IAB Europe",0.0332,0.0301,0.00311
"Adform A/S",0.0324,0.0216,0.0108
"IPONWEB GmbH",0.032,0.0287,0.00331
"Pinterest, Inc.",0.031,0.0279,0.00311
"Conversant LLC",0.0287,0.0179,0.0108
"Fastly, Inc.",0.0286,0.00994,0.0187
"Lotame Solutions, Inc.",0.0282,0.0121,0.0161
"OpenX Technologies Inc",0.0278,0.00532,0.0225
"TripleLift",0.0278,0.00673,0.0211
"Smartadserver S.A.S",0.0266,0.00643,0.0202
"Yandex LLC",0.0261,0.0256,0.000502
"Improve Digital BV",0.0252,0.0236,0.00161
"Teads ( Luxenbourg ) SA",0.0238,0.00361,0.0202
"Salesforce.com, Inc.",0.0231,0.0212,0.00191
"Blockthrough Inc.",0.0227,0.0225,0.000201
"easyAd Deutschland GmbH",0.0227,0,0.0227
"Taboola, Inc.",0.0212,0.00994,0.0112
"The Financial Times Limited",0.0211,0,0.0211
"Functional Software, Inc.",0.0205,0.00371,0.0168
"MediaMath, Inc.",0.0205,0.0192,0.00131
"Outbrain",0.0187,0.00813,0.0105
"Sovrn Holdings",0.0175,0.0118,0.00562
"Sourcepoint Technologies Inc",0.0174,0.0164,0.001
"Audigent",0.0172,0.00663,0.0105
"Virtual Minds AG",0.0172,0.00974,0.00743
"Tealium Inc.",0.0171,0.0159,0.0012
"Trustpilot A/S",0.0168,0.0119,0.00482
"Mediavine, Inc.",0.0168,0.0166,0.000201
"Media.net Advertising FZ-LLC",0.0164,0.0129,0.00351
"Simplifi Holdings Inc.",0.0161,0.0155,0.000602
"Intuit Inc.",0.0161,0.00532,0.0107
"OneTag Limited",0.0154,0.0001,0.0153
"Integral Ad Science, Inc.",0.015,0.00141,0.0136
"ByteDance Ltd.",0.0147,0.014,0.000703
"Delta Projects AB",0.0146,0.0139,0.000703
"OneSignal",0.0144,0.0139,0.000502
"Vimeo, LLC",0.0136,0.0107,0.00281
"Chartbeat",0.013,0.012,0.000904
"Wingify",0.013,0.0128,0.000201
"RhythmOne",0.0128,0.01,0.00271
"Sharethrough, Inc.",0.0126,0,0.0126
"BunnyCDN",0.0122,0.00392,0.00833
"Weborama",0.012,0.0108,0.0012
"Amobee, Inc",0.012,0.0115,0.000502
"Centro, Inc.",0.0118,0.0115,0.000301
"Zeotap GmbH",0.0118,0.0107,0.0011
"MindGeek",0.0116,0.0104,0.0012
"WordPress Foundation",0.0116,0,0.0116
"Permutive, Inc.",0.0114,0.0101,0.00131
"OOO ECO PC - Complex Solutions",0.0113,0.011,0.000301
"Awin AG",0.0113,0.0104,0.000904
"Engine USA LLC",0.0106,0.00131,0.00934
"Ezoic Inc.",0.0105,0.0103,0.000201
"Didomi",0.0104,0.0104,0
"33Across, Inc.",0.0103,0.00221,0.00813
"Piano Software",0.0103,0.00964,0.000703
"Parsely, Inc.",0.0102,0.00994,0.000301
"Telaria",0.0102,0.000201,0.01
"Zendesk, Inc.",0.0102,0.00934,0.000904
"Exponential Interactive Inc.",0.01,0.00974,0.000301
"AddToAny",0.00984,0.00964,0.000201
"Roku, Inc.",0.00944,0.00904,0.000402
"Adyoulike",0.00934,0.0001,0.00924
"Neustar, Inc.",0.00924,0.00873,0.000502
"DTS Technology",0.00914,0.00914,0
"JuicyAds",0.00904,0.00904,0
"Traffic Stars",0.00904,0.00853,0.000502
"wisecode s.r.l.",0.00884,0.00783,0.001
"Contentful GmbH",0.00843,0,0.00843
"Optimizely, Inc.",0.00843,0.00673,0.00171
"Intuition Machines, Inc.",0.00833,0.00833,0
"ReadSpeaker Holding BV",0.00823,0.00823,0
"The Nielsen Company",0.00813,0.00683,0.00131
"Chaturbate, LLC",0.00803,0.00793,0.0001
"AT Internet",0.00793,0.00683,0.0011
"LongTail Ad Solutions, Inc.",0.00783,0.00392,0.00392
"Momentive Inc.",0.00763,0.00693,0.000703
"YieldMo, Inc.",0.00763,0.0001,0.00753
"ActiveCampaign, Inc.",0.00753,0.00663,0.000904
"Monotype Imaging Inc.",0.00753,0.00733,0.000201
"TrustArc Inc.",0.00733,0.00622,0.0011
"Crimtan Holdings Ltd",0.00733,0.00713,0.000201
"HubSpot, Inc.",0.00723,0.00653,0.000703
"SpotX, Inc.",0.00723,0.00693,0.000301
"Zebrafish Labs",0.00713,0.0001,0.00703
"Siteimprove A/S",0.00703,0.00693,0.0001
"Datadog, Inc.",0.00703,0.00492,0.00211
"Crazy Egg, Inc.",0.00703,0.00552,0.00151
"Collective Roll",0.00703,0.00663,0.000402
"Retyp LLC",0.00683,0.00673,0.0001
"Unruly Group Limited",0.00683,0.00562,0.0012
"Disqus, Inc.",0.00673,0.00171,0.00502
"Pubstack",0.00673,0.00422,0.00251
"Ividence",0.00673,0,0.00673
"Smaato Inc.",0.00663,0,0.00663
"Trusted Shops GmbH",0.00663,0.00633,0.000301
"RTB House S.A.",0.00663,0.00552,0.0011
"Beeswax",0.00663,0.00653,0.0001
"TradeTracker FZ-LLC",0.00653,0.00311,0.00341
"SAP SE",0.00653,0.00633,0.000201
"Connatix",0.00653,0.00432,0.00221
"TransUnion LLC",0.00653,0.000402,0.00612
"ipify.org",0.00653,0,0.00653
"StatCounter",0.00643,0.00633,0.0001
"Trengo",0.00643,0.00633,0.0001
"Pulsepoint, Inc.",0.00633,0.00612,0.000201
"BlueConic, Inc.",0.00633,0.00602,0.000301
"Lightspeed Netherlands B.V.",0.00633,0.00602,0.000301
"ShareThis, Inc",0.00622,0.00602,0.000201
"FreeWheel",0.00622,0.00602,0.000201
"Clickadu s.r.o.",0.00612,0.00612,0
"Zeta Global",0.00612,0.00592,0.000201
"Skimbit LTD",0.00612,0.00572,0.000402
"Snap Inc.",0.00602,0.00582,0.000201
"Semasio GmbH",0.00602,0.00582,0.000201
"Dotmetrics",0.00602,0.00602,0
"Reddit Inc.",0.00592,0.00512,0.000803
"SpeedCurve Limited",0.00592,0.00542,0.000502
"webclicks24.com",0.00572,0.00562,0.0001
"Gemius S.A.",0.00572,0.00432,0.00141
"Leven Labs, Inc. DBA Admiral",0.00572,0.00562,0.0001
"Cloudinary Ltd",0.00572,0.000301,0.00542
"Segment.io, Inc.",0.00572,0.00472,0.001
"Koninklijke Ahold Delhaize N.V.",0.00562,0.00361,0.00201
"Blis Global Ltd",0.00562,0.00562,0
"WPP plc",0.00552,0.00512,0.000402
"OnAudience Ltd.",0.00542,0.00522,0.000201
"Adagio",0.00532,0.00492,0.000402
"Monet Engine Inc.",0.00502,0.000201,0.00482
"Piwik PRO Sp. z o.o.",0.00502,0.00492,0.0001
"whos.amung.us Inc",0.00492,0.00161,0.00331
"Amplitude",0.00492,0.00361,0.00131
"Doggybites bvba",0.00482,0.00432,0.000502
"Adscore Technologies DMCC",0.00482,0.00482,0
"Pingdom AB",0.00472,0.00472,0
"Publisher First, Inc. dba Freestar",0.00472,0.00452,0.000201
"Ensighten, Inc",0.00472,0.00472,0
"Sooqr",0.00472,0.00472,0
"INFOnline GmbH",0.00472,0.000201,0.00452
"GumGum",0.00462,0.00271,0.00191
"LoopMe Ltd",0.00462,0.00452,0.0001
"Merkle Inc",0.00462,0,0.00462
"MediaLab.Ai",0.00452,0.000201,0.00432
"LiveIntent Inc.",0.00452,0.00432,0.000201
"BidTheatre AB",0.00442,0.00432,0.0001
"Rijksoverheid",0.00442,0.00442,0
"Ad Lightning, Inc.",0.00432,0.00402,0.000301
"VK Company Ltd.",0.00432,0.00341,0.000904
"Impact",0.00432,0.00412,0.000201
"Bugsnag Inc.",0.00422,0,0.00422
"Audiencerate Ltd",0.00422,0.00392,0.000301
"ContentSquare",0.00422,0.00341,0.000803
"Gigya Inc",0.00422,0.00422,0
"AdThrive, LLC",0.00412,0.00402,0.0001
"Platform Inc.",0.00412,0,0.00412
"CM Group",0.00412,0.00311,0.001
"Klaviyo",0.00402,0.00382,0.000201
"Brightcove, Inc.",0.00402,0.00351,0.000502
"DataDome",0.00392,0.00382,0.0001
"Stripe, Inc",0.00392,0.00382,0.0001
"AdGear Technologies Inc.",0.00392,0,0.00392
"Shopify Inc.",0.00382,0.00311,0.000703
"Mouseflow",0.00361,0.00311,0.000502
"JustPremium",0.00361,0.00161,0.00201
"Sonobi, Inc",0.00361,0.00351,0.0001
"GetWebCraft Limited",0.00351,0.00221,0.00131
"Bounce Exchange",0.00351,0.00331,0.000201
"Tapad, Inc.",0.00341,0.00311,0.000301
"Brandmetrics",0.00341,0.00341,0
"DTG B.V.",0.00341,0.00221,0.0012
"Acceptable Ads Exchange",0.00331,0.00331,0
"Apple Inc.",0.00331,0.00281,0.000502
"Discord, Inc.",0.00321,0.00321,0
"MailerLite, Inc.",0.00321,0.00231,0.000904
"Kargo Global, Inc.",0.00321,0.00281,0.000402
"Intercom",0.00321,0.00311,0.0001
"Fifty Technology Limited",0.00321,0.00311,0.0001
"Digital Millennium Copyright Act Services Ltd.",0.00311,0,0.00311
"iubenda s.r.l.",0.00311,0.00271,0.000402
"Nativo, Inc",0.00311,0.00251,0.000602
"Robin Software B.V.",0.00311,0,0.00311
"CHEQ AI Technologies Ltd.",0.00301,0.00301,0
"cyon GmbH",0.00291,0.00291,0
"Dailymotion SA",0.00291,0.000301,0.00261
"IPROM, d.o.o.",0.00291,0.0001,0.00281
"Truffles FZCO",0.00291,0,0.00291
"AdPilot",0.00291,0,0.00291
"PLAYGROUND XYZ",0.00291,0.00291,0
"Adnami ApS",0.00281,0.00281,0
"Reflected Networks, LLC",0.00281,0.00171,0.0011
"PayPal, Inc.",0.00271,0.00151,0.0012
"MyFonts Inc.",0.00271,0,0.00271
"Kizitos Holding B.V.",0.00271,0.00271,0
"Demandbase, Inc.",0.00271,0.00161,0.0011
"Media Impact Group",0.00271,0,0.00271
"PerimeterX, Inc.",0.00271,0.000602,0.00211
"Relay42 Technology B.V.",0.00271,0.00271,0
"Purch Group, Inc.",0.00271,0.00241,0.000301
"InsurAds",0.00271,0.001,0.00171
"Mixpanel, Inc.",0.00261,0.00221,0.000402
"Crownpeak Technology",0.00261,0.00211,0.000502
"Bombora Inc.",0.00261,0.00141,0.0012
"Pushly",0.00261,0.00251,0.0001
"DoubleVerify",0.00261,0.00201,0.000602
"Platform161",0.00261,0.00261,0
"DigitalOcean, LLC",0.00251,0.0001,0.00241
"Matomo",0.00251,0.00211,0.000402
"consentmanager AB",0.00251,0.00201,0.000502
"Symplify Technologies AB",0.00251,0,0.00251
"proinity GmbH",0.00251,0.000703,0.00181
"SSP Network Ltd",0.00251,0.00231,0.000201
"eyeota Limited",0.00251,0.00251,0
"CacheNetworks, LLC",0.00251,0.00231,0.000201
"Algolia Inc",0.00251,0,0.00251
"AB Tasty",0.00251,0.00231,0.000201
"ICF Technology, Inc",0.00241,0.00171,0.000703
"Wikimedia Foundation, Inc.",0.00241,0.000602,0.00181
"Rakuten, Inc.",0.00241,0.00231,0.0001
"iSpot.tv",0.00241,0.00241,0
"JSC ADFACT",0.00241,0.00241,0
"P B.V.",0.00231,0.00151,0.000803
"Branch Metrics, Inc.",0.00231,0.00221,0.0001
"BongaCams",0.00231,0.001,0.00131
"Intergi Entertainment",0.00231,0.00231,0
"DOCLER IP S.A R.L.",0.00231,0.00201,0.000301
"WGCZ a.s.",0.00221,0.000201,0.00201
"Browser Update",0.00221,0.00181,0.000402
"BuySellAds",0.00221,0.00211,0.0001
"Trackonomics Ltd.",0.00221,0.00211,0.0001
"Future Plc",0.00221,0.00221,0
"AdRoll, Inc.",0.00221,0.00131,0.000904
"Adelphic, Inc.",0.00221,0.00201,0.000201
"Bazaarvoice, Inc.",0.00221,0.00211,0.0001
"LiveChat Inc",0.00211,0.00211,0
"DataCamp Limited",0.00211,0.000402,0.00171
"Selligent",0.00211,0.00211,0
"Perfect Market, Inc.",0.00211,0.00201,0.0001
"Venatus Media Limited",0.00211,0.00211,0
"Swiftype, Inc.",0.00201,0.0011,0.000904
"Avocet Systems Ltd.",0.00201,0.00191,0.0001
"Captify Technologies Ltd.",0.00201,0.000201,0.00181
"ANIVIEW LTD",0.00201,0.0012,0.000803
"Catamorphic Co.",0.00201,0,0.00201
"6 Sense Insights Inc.",0.00201,0.00201,0
"Plausible Analytics",0.00201,0.00171,0.000301
"Sift Science, Inc.",0.00201,0.00201,0
"Synacor, Inc.",0.00201,0.00201,0
"DeepIntent Inc",0.00201,0,0.00201
"Roxr Software Ltd",0.00191,0.00181,0.0001
"Prebid.org",0.00191,0.00131,0.000602
"Rich Audience Technologies",0.00191,0,0.00191
"Flashtalking Inc",0.00191,0.00131,0.000602
"Hexagon Data, S.A.P.I. de C.V.",0.00191,0,0.00191
"trueAnthem Corp",0.00191,0.00161,0.000301
"Dynatrace LLC",0.00191,0.00171,0.000201
"Medallia Inc.",0.00191,0.00161,0.000301
"Prismic.io Inc.",0.00191,0.000502,0.00141
"Vladimir Fedotov",0.00191,0.00171,0.000201
"RELX Group",0.00191,0.00161,0.000301
"Citrix Systems Inc",0.00181,0.00141,0.000402
"GetYourGuide AG",0.00181,0.00181,0
"GitHub, Inc.",0.00181,0.000201,0.00161
"Spotify AB",0.00181,0.0011,0.000703
"Free Stream Media Corp",0.00181,0.00181,0
"Proper Media",0.00181,0.00181,0
"Five Media Marketing Limited",0.00181,0.00181,0
"LLC Internest-holding",0.00181,0.000803,0.001
"Webtrekk GmbH",0.00181,0.00181,0
"FullStory",0.00181,0.00161,0.000201
"ADman Media",0.00181,0,0.00181
"Instana, Inc.",0.00181,0.00181,0
"Dynamic Yield",0.00181,0.00171,0.0001
"Rackspace US, Inc.",0.00171,0.000201,0.00151
"SEEDTAG ADVERTISING S.L.",0.00171,0.00141,0.000301
"Shareaholic Inc",0.00171,0.00141,0.000301
"Tweakwise.com B.V.",0.00171,0.000904,0.000803
"Lucid Holdings, LLC",0.00171,0,0.00171
"Survata, Inc.",0.00171,0,0.00171
"NinthDecimal, Inc",0.00171,0.00171,0
"Digioh, LLC",0.00171,0.00161,0.0001
"Nieme Beheer B.V.",0.00171,0.00161,0.0001
"Sharpspring Inc",0.00171,0.00161,0.0001
"BlogHer, Inc.",0.00171,0.00171,0
"Heap",0.00161,0.00161,0
"Forwarder B.V.",0.00161,0.00161,0
"Supership Inc",0.00161,0.0001,0.00151
"CleverDATA LLC",0.00161,0.00161,0
"OVERUS SERVICES LIMITED",0.00161,0.000904,0.000703
"InMobi Pte Ltd",0.00161,0,0.00161
"Trust Provider B.V.",0.00161,0.00161,0
"Braze, Inc.",0.00151,0.0012,0.000301
"Coveo Solutions Inc.",0.00151,0.00141,0.0001
"U.S. General Services Administration",0.00151,0,0.00151
"Ströer Group",0.00151,0.00151,0
"Opera Software AS",0.00151,0.0012,0.000301
"Riskified Ltd.",0.00151,0.00151,0
"Adtelligent Inc.",0.00151,0.000904,0.000602
"GetIntent",0.00151,0.00151,0
"Online Technology and Media",0.00151,0.0001,0.00141
"Urban Airship, Inc.",0.00151,0.00131,0.000201
"Radware Ltd.",0.00151,0.000502,0.001
"Clickagy",0.00151,0.0011,0.000402
"Social Audience B.V.",0.00141,0.00131,0.0001
"Roq.ad",0.00141,0.000402,0.001
"SixMix LLC",0.00141,0.00131,0.0001
"WebAds B.V.",0.00141,0,0.00141
"McCann Disciplines Ltd.",0.00141,0.00131,0.0001
"AudienceProject",0.00141,0.000602,0.000803
"Unbounce",0.00141,0.00141,0
"Quora",0.00141,0.000301,0.0011
"Attentive Mobile",0.00141,0.00141,0
"Sosyo Plus Bilgi Bilişim Tekn. Dan. Hiz. Tic. A.Ş.",0.00141,0.00141,0
"CDNWIDGET.COM",0.00141,0.000301,0.0011
"CenturyLink, Inc.",0.00141,0,0.00141
"Webflow, Inc.",0.00141,0.0012,0.000201
"International Business Machines Corporation",0.00141,0.000703,0.000703
"Yottaa Inc",0.00141,0.0011,0.000301
"NKL s.r.o.",0.00131,0.000602,0.000703
"Retail Rocket",0.00131,0.00131,0
"The Hoefler Type Foundry, Inc",0.00131,0,0.00131
"LivePerson, Inc",0.00131,0.00131,0
"ADLEAD",0.00131,0,0.00131
"Publishers Revenue Optimization Sp. z o.o.",0.00131,0.00131,0
"Ziff Davis LLC",0.00131,0.0011,0.000201
"Quantum Metric Inc.",0.00131,0.00131,0
"Aidata",0.00131,0.00131,0
"Admedo",0.00131,0.00131,0
"Narrativ Company, Inc.",0.00131,0.00131,0
"Podsights",0.00131,0.0011,0.000201
"Fjord Technologies",0.00131,0.00131,0
"Sportradar AG",0.00131,0.0012,0.0001
"Mapbox Inc.",0.00131,0.000803,0.000502
"Benjamin Cahen",0.00131,0.001,0.000301
"Dstillery Inc.",0.00131,0.000502,0.000803
"EPiServer AB",0.00131,0.0012,0.0001
"MGID Inc",0.0012,0.0012,0
"The Moneytizer",0.0012,0.0012,0
"LEADPLACE",0.0012,0,0.0012
"NitroPack Ltd.",0.0012,0.000201,0.001
"Creative Commons",0.0012,0,0.0012
"ConnectAd",0.0012,0.000502,0.000703
"KBM Group LLC",0.0012,0.000301,0.000904
"Soluciones Corporativas IP, SL",0.0012,0.000803,0.000402
"Ravi Trivedi",0.0012,0.000904,0.000301
"6Sense Insights, Inc.",0.0012,0,0.0012
"Klarna Bank AB",0.0012,0.0011,0.0001
"Lucky Orange LLC",0.0012,0.000301,0.000904
"Teroa S.A.",0.0012,0.000201,0.001
"Drift.com, Inc.",0.0012,0.0011,0.0001
"DynAdmic",0.0012,0.000402,0.000803
"CleverPush GmbH",0.0012,0.0011,0.0001
"Zoom Information, Inc.",0.0012,0.0012,0
"mParticle, Inc",0.0012,0.0011,0.0001
"SoundCloud Global Limited & Co. KG",0.0012,0.000402,0.000803
"Forter Inc.",0.0012,0.0012,0
"District M Inc.",0.0011,0.000602,0.000502
"Sirius XM Holdings Inc.",0.0011,0.000602,0.000502
"Civic Computing Limited",0.0011,0.000904,0.000201
"Cookie Information A/S",0.0011,0.001,0.0001
"Linehub",0.0011,0.000201,0.000904
"Osano, Inc.",0.0011,0.0011,0
"Propeller Ads",0.0011,0.0011,0
"Dual Technologies Services",0.0011,0.000904,0.000201
"Sumo Group",0.0011,0.0011,0
"Webgains",0.0011,0.0011,0
"Movable Ink",0.0011,0.001,0.0001
"Digital East GmbH",0.0011,0.000803,0.000301
"A.Mob SAS",0.0011,0.0001,0.001
"Buzzoola Inc.",0.0011,0.000502,0.000602
"POWR Inc.",0.0011,0.0011,0
"IO Technologies Inc.",0.0011,0.001,0.0001
"AppsFlyer",0.0011,0.000904,0.000201
"RevContent, LLC",0.001,0.001,0
"Wistia",0.001,0.000904,0.0001
"eSell Solutions Ltd. DBA MonetizeMore",0.001,0.000904,0.0001
"4INFO, Inc.",0.001,0.001,0
"REFLUENCE",0.001,0,0.001
"AdButler",0.001,0.000602,0.000402
"Claritas LLC",0.001,0.000803,0.000201
"Hybrid Adtech, Inc.",0.001,0.0001,0.000904
"LTD Sape",0.001,0.000904,0.0001
"Arbitrage LLC",0.001,0.000703,0.000301
"NSONE Inc",0.001,0.001,0
"Survicate Sp. z o.o.",0.001,0.000904,0.0001
"Cisco Systems, Inc.",0.001,0.001,0
"iAdvize",0.001,0.000602,0.000402
"accessiBe Inc.",0.001,0.000703,0.000301
"Knorex Pte. Ltd.",0.001,0.000904,0.0001
"Sirdata SAS",0.001,0.001,0
"Monetate, Inc.",0.001,0.001,0
"Kameleoon",0.001,0.000904,0.0001
"XXXLutz KG",0.001,0,0.001
"Marketing Science Consulting Group, Inc.",0.000904,0.000803,0.0001
"Qualaroo",0.000904,0.000602,0.000301
"Marfeel Solutions, S.L.",0.000904,0.000904,0
"Triton Digital, Inc.",0.000904,0.000904,0
"Innovid Media",0.000904,0.000803,0.0001
"vwd group Netherlands B.V.",0.000904,0.000904,0
"gskinner",0.000904,0.000904,0
"MaxMind Inc.",0.000904,0.000201,0.000703
"RawGit",0.000904,0.000301,0.000602
"advanced STORE GmbH",0.000904,0.0001,0.000803
"CatchPoint Systems Inc",0.000904,0.000703,0.000201
"Auth0, Inc.",0.000904,0.000904,0
"GG Software LLC",0.000904,0.000904,0
"Rambler Internet Holding, LLC",0.000904,0.000301,0.000602
"Dynamic Web Source, Inc.",0.000904,0.000703,0.000201
"LinkConnector Corporation",0.000904,0.000803,0.0001
"OpenWeb Technologies Ltd.",0.000904,0.000904,0
"Verizon",0.000904,0.000703,0.000201
"RuTarget LLC",0.000904,0.000803,0.0001
"Yahoo Japan Corporation",0.000904,0.000602,0.000301
"Sanity",0.000904,0,0.000904
"Report-URI Ltd.",0.000904,0.000703,0.000201
"Alibaba Group",0.000904,0.000502,0.000402
"It Concepts",0.000904,0,0.000904
"Pusher Ltd",0.000904,0.000201,0.000703
"PrimedIO",0.000904,0.000904,0
"Resonate Networks",0.000904,0,0.000904
"Atlassian Corporation plc",0.000803,0.000402,0.000402
"Tactics Network, LLC",0.000803,0.000502,0.000301
"Split Software, Inc.",0.000803,0.0001,0.000703
"Snapsort Inc.",0.000803,0.000803,0
"Icons8 LLC",0.000803,0,0.000803
"Bertelsmann Stifung",0.000803,0,0.000803
"Online Solution Int Ltd",0.000803,0.000803,0
"LLC AmberData",0.000803,0.000803,0
"ZOHO Corporation",0.000803,0.000703,0.0001
"Smooch Technologies Inc.",0.000803,0.000301,0.000502
"TOPlist s.r.o",0.000803,0,0.000803
"Admixer Technologies",0.000803,0.000703,0.0001
"Blue Billywig bv",0.000803,0.000703,0.0001
"Rollbar, Inc.",0.000803,0.000803,0
"Signifyd Inc.",0.000803,0.000803,0
"Cliplister GmbH",0.000803,0.0001,0.000703
"Tidio Poland Sp. z.o.o.",0.000703,0.000703,0
"Olark",0.000703,0.000703,0
"Fanhattan LLC",0.000703,0,0.000703
"Lithium Technologies",0.000703,0.000402,0.000301
"Vanilla Forums",0.000703,0,0.000703
"Pendo.io, Inc.",0.000703,0.000502,0.000201
"Easy Click Worldwide Network Technology Co., Ltd.",0.000703,0,0.000703
"Baidu, Inc.",0.000703,0.000703,0
"GrowSumo Inc.",0.000703,0.0001,0.000602
"Quality Unit LLC",0.000703,0.000602,0.0001
"Sanvitos Consolidated Ltd",0.000703,0.000703,0
"SpringServe, LLC",0.000703,0.000602,0.0001
"Intent IQ, LLC",0.000703,0.000703,0
"Poshibalov Evgeny Vasilyevich",0.000703,0.000703,0
"Mobile TeleSystems Public Joint Stock Company",0.000703,0.000703,0
"FriendFinder Networks Inc.",0.000703,0.000402,0.000301
"TradeDoubler AB",0.000703,0.000402,0.000301
"WarnerMedia, LLC",0.000703,0.000502,0.000201
"Bliss Point Media",0.000703,0,0.000703
"Solvvy",0.000703,0.000703,0
"Bloomreach, Inc.",0.000703,0.000703,0
"SSL Corporation",0.000703,0.0001,0.000602
"Datonics LLC",0.000703,0.0001,0.000602
"Inmar, Inc.",0.000703,0.000402,0.000301
"Clicksco FZ",0.000703,0.000703,0
"Emesa Nederland B.V.",0.000703,0.000703,0
"Transcend, Inc.",0.000703,0.000703,0
"Portalis BV",0.000703,0.000703,0
"ForeSee Results, Inc.",0.000703,0.000502,0.000201
"4Cite Marketing",0.000703,0.000703,0
"Convert Insights Inc",0.000703,0.000602,0.0001
"Hola Networks Ltd.",0.000703,0.0001,0.000602
"ImgBB",0.000602,0,0.000602
"Crisp IM SARL",0.000602,0.000602,0
"Green Hills",0.000602,0.000602,0
"EMX Digital, LLC",0.000602,0.000502,0.0001
"ClarityAd",0.000602,0,0.000602
"Max Lynch",0.000602,0,0.000602
"SFBX SAS",0.000602,0.000602,0
"WonderPush",0.000602,0.000602,0
"AdTheorent Inc",0.000602,0,0.000602
"ONEALL SARL",0.000602,0.000602,0
"News Limited",0.000602,0.000602,0
"Spot.IM",0.000602,0.000602,0
"Quality Nonsense Ltd",0.000602,0,0.000602
"APIHub, Inc.",0.000602,0,0.000602
"Renegade Internet, Inc.",0.000602,0.000602,0
"SMARTER CLICK TECHNOLOGY LTD",0.000602,0.000402,0.000201
"JORDAN CLIST",0.000602,0,0.000602
"Sabin, Bermant & Gould LLP",0.000602,0.000602,0
"Arcspire Limited",0.000602,0.000602,0
"ImageKit Private Limited",0.000602,0,0.000602
"GEORIOT",0.000602,0,0.000602
"Infolink Media LLC",0.000602,0.000602,0
"OpenStreetMap Foundation",0.000602,0,0.000602
"Pushnami, LLC",0.000602,0.000602,0
"Viafoura Inc.",0.000602,0.000602,0
"Blue Triangle Technologies",0.000602,0.000602,0
"Jivox Corp",0.000602,0.000502,0.0001
"Adpone, S.L.",0.000602,0,0.000602
"Yotpo Ltd",0.000602,0.000602,0
"Seattle Technology",0.000602,0,0.000602
"ConvertKit LLC",0.000502,0.000502,0
"Honeybadger Industries",0.000502,0,0.000502
"Kakao Corp.",0.000502,0.000502,0
"Nexstar Media Group",0.000502,0.000402,0.0001
"The Maven Network, Inc",0.000502,0,0.000502
"Kustomer, Inc.",0.000502,0.000301,0.000201
"Hearst Communications",0.000502,0.0001,0.000402
"IDB, LLC",0.000502,0,0.000502
"Uploadcare, LLC",0.000502,0.000201,0.000301
"Bidtellect, Inc",0.000502,0.0001,0.000402
"Refsnes Data",0.000502,0,0.000502
"PressPage",0.000502,0.000201,0.000301
"BritePool",0.000502,0,0.000502
"AdTarget Medya A.Ş.",0.000502,0.000301,0.000201
"Surecom Corporation N.V.",0.000502,0.000502,0
"TripAdvisor LLC",0.000502,0.000402,0.0001
"Highsoft AS",0.000502,0.000502,0
"CBC Cologne Broadcasting Center GmbH",0.000502,0,0.000502
"UPSCORE GMBH",0.000502,0.000502,0
"ironSource Ltd",0.000502,0.0001,0.000402
"APAC Digital Exchange",0.000502,0.000502,0
"Vox Media, Inc.",0.000502,0.000402,0.0001
"BurdaForward GmbH",0.000502,0.000502,0
"Yieldlove GmbH",0.000502,0.000502,0
"Vidazoo Ltd",0.000502,0.0001,0.000402
"Doofinder",0.000502,0.000502,0
"ClickTale Ltd",0.000502,0.000502,0
"LogMeIn, Inc.",0.000502,0.000502,0
"Undertone Networks",0.000502,0.000402,0.0001
"Consumable, Inc.",0.000502,0.000301,0.000201
"Partnerize",0.000502,0.000502,0
"BrightEdge Technologies Inc.",0.000502,0.000402,0.0001
"ExitReality",0.000502,0.000502,0
"Wuhan Jiyi Network Technology Co., Ltd.",0.000502,0.000502,0
"Interwebvertising B.V.",0.000502,0.0001,0.000402
"Elitech Group BV",0.000502,0.000301,0.000201
"CoBrowser.net B.V.",0.000502,0.000502,0
"Research Now Limited",0.000502,0.0001,0.000402
"raw engineering inc",0.000502,0,0.000502
"Nextdoor, Inc.",0.000502,0.000301,0.000201
"IgnitionOne, LLC",0.000502,0.000402,0.0001
"Online Media Solutions Ltd. dba Brightcom",0.000502,0.0001,0.000402
"KNMI (Koninklijk Nederlands Meteorologisch Instituut)",0.000502,0,0.000502
"Timzon, LLC",0.000502,0,0.000502
"Decibel Insight Ltd",0.000502,0.000402,0.0001
"Dropbox, Inc",0.000502,0.000502,0
"VGZ Zorgverzekeraar N.V.",0.000502,0,0.000502
"Data Plus Math",0.000502,0.000402,0.0001
"Springer Nature B.V.",0.000502,0.000402,0.0001
"Perform Media Services Ltd",0.000402,0.0001,0.000301
"Adzerk",0.000402,0.0001,0.000301
"Paradox Interactive AB (publ)",0.000402,0,0.000402
"WebShop Marketing Kft.",0.000402,0.000402,0
"Ko-Fi Labs Limited",0.000402,0,0.000402
"Sublime Skinz Labs",0.000402,0.000402,0
"DCN",0.000402,0,0.000402
"Duration Media LLC",0.000402,0.0001,0.000301
"Canva Pty Ltd",0.000402,0.000402,0
"Issuu ApS",0.000402,0.0001,0.000301
"eBay, Inc.",0.000402,0.000301,0.0001
"Next Millennium Media, Inc.",0.000402,0.000402,0
"MoEngage, Inc.",0.000402,0.000301,0.0001
"Kaltura Inc",0.000402,0.000201,0.000201
"Pixlee TurnTo, Inc.",0.000402,0.000402,0
"Throtle",0.000402,0,0.000402
"Swym Corporation",0.000402,0,0.000402
"TAPTAP DIGITAL, S.L.",0.000402,0.000402,0
"Infoplaza B.V.",0.000402,0.000201,0.000201
"Help Scout Inc.",0.000402,0.000301,0.0001
"USI Technologies, Inc.",0.000402,0.000301,0.0001
"Vibrant Media Limited",0.000402,0,0.000402
"Eris Networks SAS",0.000402,0,0.000402
"Pro Sportority (Israel) Ltd",0.000402,0.000301,0.0001
"Adkernel, LLC",0.000402,0,0.000402
"Monsido Inc.",0.000402,0.000402,0
"Surecom Corp NV",0.000402,0,0.000402
"Navegg S.A.",0.000402,0.0001,0.000301
"AnyClip Ltd.",0.000402,0.000301,0.0001
"Grand Slam Media Inc",0.000402,0,0.000402
"W3C",0.000402,0.000402,0
"BIGO TECHNOLOGY PTE. LTD.",0.000402,0,0.000402
"EISYS,Inc.",0.000402,0,0.000402
"BannerFlow AB",0.000402,0.000301,0.0001
"Tagular Analytics, LLC",0.000402,0.000402,0
"Avenue 81, Inc.",0.000402,0.000402,0
"Squarespace, Inc",0.000402,0.000201,0.000201
"Environmental Systems Research Institute, Inc.",0.000402,0.0001,0.000301
"Webklipper Technologies Pvt Ltd",0.000402,0.000301,0.0001
"IMEDIAPP SA",0.000402,0.000301,0.0001
"Invoca",0.000402,0.000402,0
"Supply Frame, Inc.",0.000402,0.000402,0
"WPEngine, Inc.",0.000402,0,0.000402
"OpenWeather Ltd",0.000402,0,0.000402
"Limelight Networks, Inc.",0.000402,0,0.000402
"Omnisend, UAB",0.000402,0.000402,0
"CoreMedia AG",0.000402,0.000402,0
"Wix.com, Inc.",0.000402,0.000301,0.0001
"Markit Group Limited",0.000402,0.000402,0
"TVSquared",0.000402,0.000402,0
"ID.fr",0.000402,0.000402,0
"Exit Bee",0.000402,0.000402,0
"Content Pass GmbH",0.000402,0,0.000402
"Clicktripz",0.000402,0.000402,0
"Glassbox Ltd.",0.000402,0.000402,0
"QuBit Digital Ltd",0.000402,0.000301,0.0001
"PriceSpider (NeuIntel, LLC)",0.000402,0.000301,0.0001
"RTL Group S.A.",0.000402,0.000201,0.000201
"Kilkaya AS",0.000402,0.000301,0.0001
"Healthline",0.000301,0.000201,0.0001
"Rumble Inc.",0.000301,0.000301,0
"A Medium Corporation",0.000301,0.000301,0
"UserVoice, Inc.",0.000301,0.000301,0
"ZeBestOf",0.000301,0,0.000301
"Imperva Inc.",0.000301,0.000301,0
"Embed.ly Inc",0.000301,0.0001,0.000201
"Keywee",0.000301,0.000301,0
"Unity Technologies ApS",0.000301,0,0.000301
"Starfield Technologies, LLC",0.000301,0.000301,0
"GoDaddy Inc.",0.000301,0.000201,0.0001
"ScientiaMobile, Inc.",0.000301,0,0.000301
"ALZ Software Limited",0.000301,0.000201,0.0001
"SCTR Services LLC",0.000301,0,0.000301
"Typeform S.L.",0.000301,0.0001,0.000201
"Dianomi Ltd",0.000301,0.0001,0.000201
"Treasure Data, Inc",0.000301,0.000301,0
"Near Pte. Ltd.",0.000301,0.0001,0.000201
"PAGELY, INC",0.000301,0.000301,0
"smartclip Europe GmbH",0.000301,0.000301,0
"TI Media",0.000301,0,0.000301
"Cross Pixel Media, Inc.",0.000301,0,0.000301
"The Globe and Mail Inc.",0.000301,0.000301,0
"Conde Nast Publications Inc.",0.000301,0,0.000301
"FreakOut Holdings, inc.",0.000301,0.000201,0.0001
"Beachfront Media LLC",0.000301,0.000301,0
"Okta, Inc.",0.000301,0.000301,0
"De Persgroep Publishing NV",0.000301,0,0.000301
"Insticator",0.000301,0.0001,0.000201
"Riot Games, Inc.",0.000301,0.000201,0.0001
"Freshworks Inc",0.000301,0.0001,0.000201
"Ada Support Inc.",0.000301,0.000201,0.0001
"SalesLoft",0.000301,0.000301,0
"Peaberry Software Inc.",0.000301,0.000301,0
"AVPlayer",0.000301,0.000301,0
"Giphy LLC",0.000301,0,0.000301
"OneSoon Ltd",0.000301,0.000301,0
"Cookie Trust Working Group, Inc. DBA Cookie Trust",0.000301,0,0.000301
"Spacefoot SAS",0.000301,0.000301,0
"AudioEye, Inc.",0.000301,0.000201,0.0001
"Kibo Software, Inc.",0.000301,0.0001,0.000201
"Valassis Digital",0.000301,0.000301,0
"SmugMug, Inc.",0.000301,0.0001,0.000201
"Cash Cow Marketing",0.000301,0.000301,0
"SupaDupa Me Limited",0.000301,0.000301,0
"Ano Nymous",0.000301,0.000201,0.0001
"G-Core Innovations S.a.r.l",0.000301,0.000201,0.0001
"AddSearch Oy",0.000301,0,0.000301
"MySpace LLC",0.000301,0,0.000301
"Blue Capital Markets Limited",0.000301,0.0001,0.000201
"Digital River, Inc.",0.000301,0.000301,0
"Assertive Yield B.V.",0.000301,0.000301,0
"The Ozone Project",0.000301,0.000301,0
"plista GmbH",0.000301,0.000301,0
"Salem Media Group, Inc.",0.000301,0.000301,0
"Acast AB",0.000301,0.000301,0
"Psyma Group AG",0.000301,0.0001,0.000201
"Boats Group",0.000301,0.000301,0
"Patiëntenfederatie Nederland",0.000301,0.000301,0
"Esperto Ltd",0.000301,0.000301,0
"Minute Spoteam Ltd.",0.000301,0.000301,0
"User Zoom, Inc.",0.000301,0.000301,0
"VideoByte, Inc.",0.000301,0.000301,0
"Times Internet Ltd",0.000301,0.000301,0
"ucfunnel Co., Ltd.",0.000301,0.000201,0.0001
"PR Newswire Association LLC",0.000301,0.000301,0
"Accuweather, Inc.",0.000301,0,0.000301
"Searchanise",0.000301,0,0.000301
"PathDefender",0.000301,0.000301,0
"Barilliance Ltd",0.000301,0.000301,0
"Naver Corporation",0.000301,0.000201,0.0001
"Kenshoo TLD",0.000301,0,0.000301
"Entravision Communications Corporation",0.000301,0.000301,0
"Health On the Net Foundation",0.000301,0,0.000301
"Qualifio SPRL",0.000301,0.000301,0
"RevJet",0.000301,0.000301,0
"CallRail, Inc.",0.000301,0.000201,0.0001
"Queryly LLC",0.000301,0,0.000301
"SAS Institute Inc.",0.000301,0.000201,0.0001
"Perfect Sense Operations",0.000301,0.000301,0
"Stichting Webshop Keurmerk",0.000301,0,0.000301
"RichRelevance",0.000301,0.000301,0
"DigiCert, Inc.",0.000301,0.000201,0.0001
"Flipboard, Inc.",0.000301,0.0001,0.000201
"LCN.com Ltd",0.000301,0.000301,0
"c2b s.a.",0.000201,0.000201,0
"The Dutch Selection B.V.",0.000201,0.000201,0
"The Bishop Way, Inc.",0.000201,0.000201,0
"Mountain Digital, Inc.",0.000201,0.0001,0.0001
"ARNOLDO MONDADORI EDITORE SpA",0.000201,0.0001,0.0001
"The Walt Disney Company",0.000201,0,0.000201
"Underdog Media LLC",0.000201,0.000201,0
"One Media Ltd",0.000201,0.000201,0
"Wootric",0.000201,0.000201,0
"Wirewax LTD",0.000201,0,0.000201
"Crossref",0.000201,0,0.000201
"VMware, Inc",0.000201,0.000201,0
"Read the Docs, Inc",0.000201,0,0.000201
"InvoCube Ltd",0.000201,0.0001,0.0001
"Guardian News & Media Limited",0.000201,0,0.000201
"RUN",0.000201,0,0.000201
"WizRocket Inc.",0.000201,0,0.000201
"Hatena Co., Ltd.",0.000201,0,0.000201
"iPerceptions Inc.",0.000201,0.000201,0
"MarketCast LLC",0.000201,0,0.000201
"Skarpline",0.000201,0.000201,0
"Kinepolis Group NV",0.000201,0,0.000201
"Zaius, Inc.",0.000201,0,0.000201
"Threadloom, Inc.",0.000201,0.0001,0.0001
"myTaste Operations AB",0.000201,0,0.000201
"Pixel Grade Media SRL",0.000201,0,0.000201
"TRADEMATIC",0.000201,0.000201,0
"GeneaNet SA",0.000201,0.000201,0
"Polar",0.000201,0.0001,0.0001
"Associated Newspapers Limited",0.000201,0.0001,0.0001
"BuzzFeed, Inc.",0.000201,0,0.000201
"BENJAMIN MEDIA A/S",0.000201,0.000201,0
"Intimate Merger, Inc.",0.000201,0.000201,0
"Apester Ltd.",0.000201,0.000201,0
"DMM.com Co.,Ltd",0.000201,0.0001,0.0001
"MedTargetSystem",0.000201,0.000201,0
"Nosto Solutions Ltd",0.000201,0.0001,0.0001
"GetGo, Inc.",0.000201,0.000201,0
"Petaxon Informática Ltda",0.000201,0,0.000201
"Dun & Bradstreet, Inc.",0.000201,0.0001,0.0001
"Thunderhead.com Limited",0.000201,0.000201,0
"SolarWinds Worldwide, LLC",0.000201,0.0001,0.0001
"Webtype LLC",0.000201,0,0.000201
"The Font Bureau, Inc.",0.000201,0,0.000201
"bergfex GmbH",0.000201,0.000201,0
"Sectigo Limited",0.000201,0,0.000201
"Adjust GmbH",0.000201,0.000201,0
"Shareasale.com",0.000201,0,0.000201
"J S WEB PRODUCTION",0.000201,0.0001,0.0001
"nicolas hammer",0.000201,0,0.000201
"Compagnie Generale des Etablissements Michelin",0.000201,0,0.000201
"Internet Archive",0.000201,0,0.000201
"Paddle.com Market Ltd",0.000201,0.000201,0
"Booking.com B.V.",0.000201,0.000201,0
"Leaf Group LTD",0.000201,0,0.000201
"Sitelock LLC",0.000201,0.000201,0
"Inspectlet",0.000201,0.000201,0
"ZipList, Inc.",0.000201,0,0.000201
"Nieco BV",0.000201,0.000201,0
"Cognitiv Corp.",0.000201,0.000201,0
"Envato Pty Ltd",0.000201,0.0001,0.0001
"Gracenote",0.000201,0.0001,0.0001
"BrightFunnel",0.000201,0.000201,0
"Juspay Technologies Pvt. Ltd.",0.000201,0,0.000201
"Prizgo",0.000201,0.000201,0
"CivicScience, Inc",0.000201,0.0001,0.0001
"Lytics",0.000201,0.000201,0
"Adtraction Marketing AB",0.000201,0,0.000201
"Kantar Operations",0.000201,0.000201,0
"Proofpoint, Inc.",0.000201,0.000201,0
"Rating-Widget, Inc.",0.000201,0.000201,0
"Jimdo GmbH",0.000201,0.0001,0.0001
"Performance Horizon Group",0.000201,0,0.000201
"Nederlandse Loterij Organisatie BV",0.000201,0.000201,0
"Yext, Inc.",0.000201,0.000201,0
"LockerDome, LLC",0.000201,0.000201,0
"Mux, Inc.",0.000201,0,0.000201
"About You GmbH",0.000201,0.000201,0
"Barilliance Systems Ltd.",0.000201,0.000201,0
"Rovi Corporation",0.000201,0,0.000201
"Independer.nl N.V.",0.000201,0.000201,0
"APEX INC.",0.000201,0,0.000201
"Council of Better Business Bureaus",0.000201,0,0.000201
"DigitalPoint",0.000201,0.000201,0
"TouchCommerce, Inc",0.000201,0.000201,0
"AutoScout24 GmbH",0.000201,0.000201,0
"Klevu Oy",0.000201,0.000201,0
"InvestingChannel, Inc.",0.000201,0.000201,0
"Awio Web Services LLC",0.000201,0.000201,0
"BSH Hausgeräte GmbH",0.000201,0,0.000201
"Extole",0.000201,0.0001,0.0001
"Video Media Groep BV",0.000201,0,0.000201
"Arcade ICT B.V.",0.000201,0,0.000201
"G+J Digital Products GmbH",0.000201,0,0.000201
"Web Geo Services",0.000201,0.0001,0.0001
"Adevinta ASA",0.000201,0.000201,0
"PJSC Vympelcom",0.000201,0.0001,0.0001
"OOO Booster",0.000201,0,0.000201
"Widen",0.000201,0,0.000201
"Design Barn, Inc.",0.000201,0,0.000201
"Conductrics",0.000201,0.000201,0
"LoginRadius, Inc.",0.000201,0,0.000201
"AcuityAds",0.000201,0.000201,0
"Universal Music Group",0.000201,0.000201,0
"The Washington Post",0.000201,0.0001,0.0001
"schnee von morgen webTV GmbH",0.000201,0.000201,0
"Renault SAS",0.000201,0,0.000201
"OptimiWay Ltd",0.000201,0.0001,0.0001
"Reach plc",0.000201,0.0001,0.0001
"Listrak",0.000201,0.000201,0
"Wedia",0.000201,0,0.000201
"apilayer GmbH",0.000201,0,0.000201
"SuperAwesome Trading Limited",0.000201,0,0.000201
"Soundest Limited",0.000201,0.000201,0
"Direct Ferries Limited",0.000201,0.000201,0
"C3 Metrics, Inc.",0.000201,0.000201,0
"Vidyard",0.000201,0.0001,0.0001
"Channel.me B.V.",0.000201,0.000201,0
"thePlatform for Media",0.000201,0.000201,0
"Golpe",0.000201,0.000201,0
"giosg.com Ltd.",0.000201,0.000201,0
"SmarterHQ",0.000201,0,0.000201
"FastG8",0.000201,0.000201,0
"Refersion, Inc.",0.000201,0.000201,0
"KONINKLIJKE LUCHTVAART MAATSCHAPPIJ N.V.",0.000201,0.0001,0.0001
"Foodient Ltd.",0.000201,0.000201,0
"LiveSport Media Ltd",0.000201,0,0.000201
"Ravana, LLC",0.000201,0,0.000201
"Wiland, Inc.",0.000201,0.0001,0.0001
"KPN B.V.",0.000201,0,0.000201
"Mindscape Limited",0.000201,0.000201,0
"Hotels.com",0.000201,0.000201,0
"Ultimate Guitar USA LLC",0.000201,0,0.000201
"Michael Browitt",0.000201,0.000201,0
"Datawrapper GmbH",0.000201,0.000201,0
"Stichting Nederlandse Publieke Omroep",0.000201,0,0.000201
"Holland & Barrett Retail Limited",0.000201,0,0.000201
"Forensiq",0.000201,0.0001,0.0001
"Cooperatieve Rabobank U.A.",0.000201,0.000201,0
"Telerik EAD",0.000201,0.000201,0
"Affectv",0.000201,0.000201,0
"Weebly, Inc.",0.000201,0.000201,0
"Splunk, Inc.",0.000201,0,0.000201
"Market Connect",0.000201,0.000201,0
"Expedia Group, Inc.",0.000201,0.000201,0
"Die Socialisten Social Software Development GmbH",0.000201,0.000201,0
"Typotheque",0.000201,0,0.000201
"Elemedia S.p.A.",0.000201,0.000201,0
"Flipp Corp.",0.000201,0.000201,0
"Sumo Logic Inc.",0.000201,0.000201,0
"Fit Analytics GmbH",0.000201,0.0001,0.0001
"RevLifter Limited",0.000201,0.0001,0.0001
"Woopra, Inc.",0.000201,0.000201,0
"Sojern, Inc.",0.000201,0.000201,0
"Ogury Limited",0.000201,0.0001,0.0001
"Net Reviews SAS",0.000201,0.0001,0.0001
"etracker GmbH",0.000201,0.000201,0
"Adrime",0.000201,0.000201,0
"Tremor Video DSP",0.000201,0.000201,0
"Trustyou GmbH",0.000201,0,0.000201
"Effective Measure International Pty Ltd",0.000201,0,0.000201
"Pickaxe LLC",0.000201,0.000201,0
"Roger Wilco LLC",0.000201,0.000201,0
"E-Diary Pty Ltd",0.000201,0.000201,0
"TROVIT",0.000201,0.000201,0
"Alliance for Audited Media",0.000201,0,0.000201
"Sagan Systems, Inc.",0.000201,0.000201,0
"Airbrake Technologies",0.000201,0,0.000201
"F5 Networks Inc",0.000201,0.0001,0.0001
"THRON SPA",0.000201,0.0001,0.0001
"Transfermarkt GmbH & Co. KG",0.000201,0,0.000201
"Kindred IP Limited",0.000201,0.000201,0
"CFI Group",0.000201,0.000201,0
"Rockerbox, Inc.",0.000201,0.000201,0
"Vinted UAB",0.000201,0,0.000201
"GRAMMEDIA LTD",0.0001,0.0001,0
"ACCOR SA",0.0001,0.0001,0
"Monumetric (The Blogger Network, LLC)",0.0001,0.0001,0
"Astrodienst AG",0.0001,0,0.0001
"Bedigital Corporation",0.0001,0,0.0001
"ASANA",0.0001,0,0.0001
"Ethnio",0.0001,0,0.0001
"Twenty-First Century Fox, Inc.",0.0001,0,0.0001
"Prometheus Global Media, LLC",0.0001,0,0.0001
"THE ENDURANCE INTERNATIONAL GROUP, INC.",0.0001,0.0001,0
"OSOBNOSTI.cz, s.r.o.",0.0001,0,0.0001
"DeNA Co., Ltd.",0.0001,0,0.0001
"TURTL SURF & IMMERSE",0.0001,0,0.0001
"Kahoot! AS",0.0001,0,0.0001
"Saint Bitts LLC",0.0001,0.0001,0
"CodePen",0.0001,0.0001,0
"U.S. Department of Justice",0.0001,0,0.0001
"Samsung Electronics Co. Ltd",0.0001,0,0.0001
"Crypto Coin Comparison Ltd",0.0001,0,0.0001
"LEGO System A/S",0.0001,0,0.0001
"Iris.TV, Inc.",0.0001,0,0.0001
"Scholarly iQ",0.0001,0.0001,0
"Digital Advertising Consortium Inc.",0.0001,0.0001,0
"MicroAd, Inc.",0.0001,0,0.0001
"Rokt Entities",0.0001,0.0001,0
"CDNJS",0.0001,0,0.0001
"Eksi Teknoloji",0.0001,0.0001,0
"Webrazzi",0.0001,0.0001,0
"Kokteyl A.S.",0.0001,0.0001,0
"Crenvo Bilisim Danismanlik Reklam ve Tic. A.S.",0.0001,0,0.0001
"Catawiki",0.0001,0,0.0001
"Ve Global UK Limited",0.0001,0,0.0001
"Alamy Ltd",0.0001,0,0.0001
"WEBBIZ d.o.o.",0.0001,0,0.0001
"Fandom, Inc.",0.0001,0,0.0001
"Shoprex",0.0001,0,0.0001
"Infusion Software",0.0001,0.0001,0
"Infusion Extreme LLC",0.0001,0,0.0001
"Geniee, inc.",0.0001,0,0.0001
"Mobius Solutions",0.0001,0.0001,0
"Storygize",0.0001,0.0001,0
"ZypMedia, Inc.",0.0001,0.0001,0
"HulkApps Inc.",0.0001,0,0.0001
"COGNOSPHERE PTE. LTD.",0.0001,0.0001,0
"KCM Systems B.V.",0.0001,0.0001,0
"Massachusetts Institute of Technology",0.0001,0.0001,0
"Game8,Inc.",0.0001,0,0.0001
"Keen.io LLC",0.0001,0,0.0001
"Vertigo Studio SRL",0.0001,0,0.0001
"Newsmax Media, Inc.",0.0001,0.0001,0
"Gumroad, Inc.",0.0001,0.0001,0
"DASSAULT SYSTEMES SE",0.0001,0.0001,0
"hentaicdn.com",0.0001,0.0001,0
"FUNKE Corporate IT GmbH",0.0001,0,0.0001
"Shutterstock Inc.",0.0001,0,0.0001
"ForWarD Consumer Electronics B.V.",0.0001,0,0.0001
"SmartNews, Inc.",0.0001,0.0001,0
"i-mobile co. LTD",0.0001,0.0001,0
"Arcamax Publishing, Inc.",0.0001,0.0001,0
"Kevin Ma",0.0001,0,0.0001
"Green Venture LLC",0.0001,0.0001,0
"Digital Science Research Solutions Inc",0.0001,0.0001,0
"NOS",0.0001,0,0.0001
"Literally.Media",0.0001,0.0001,0
"N.Rich Technologies",0.0001,0.0001,0
"3DNA Corp",0.0001,0.0001,0
"Gearslutz.com LTD",0.0001,0,0.0001
"GetSocial, S.A.",0.0001,0,0.0001
"Ghost Foundation",0.0001,0,0.0001
"Arello Mobile",0.0001,0.0001,0
"PJSC MegaFon",0.0001,0,0.0001
"Sberbank of Russia",0.0001,0,0.0001
"Department of Information Technology of Moscow",0.0001,0,0.0001
"Glaze",0.0001,0.0001,0
"Stichting Loonwijzer",0.0001,0.0001,0
"LLC Sportivnye novosti",0.0001,0,0.0001
"DOORBELL.IO LTD",0.0001,0,0.0001
"F@N Communications, Inc",0.0001,0,0.0001
"finanzen.net GmbH",0.0001,0.0001,0
"Hypothes.is",0.0001,0.0001,0
"Rebel Idealist",0.0001,0,0.0001
"Drugsite Limited",0.0001,0,0.0001
"Painassist Inc",0.0001,0,0.0001
"Mayo Foundation for Medical Education and Research",0.0001,0,0.0001
"MUSESCORE BVBA",0.0001,0,0.0001
"EDICIONES EL PAIS S.L.",0.0001,0.0001,0
"HK01 Company Limited",0.0001,0,0.0001
"BAHAG Baus Handelsgesellschaft AG Zug/Schweiz Zweigniederlassung Mannheim",0.0001,0,0.0001
"上海七牛信息技术有限公司",0.0001,0.0001,0
"Beijing Yishu Technology Co., Ltd.",0.0001,0,0.0001
"Saambaa LLC",0.0001,0.0001,0
"Beijing Sumi Times Technology Co., Ltd.",0.0001,0,0.0001
"La Place Media",0.0001,0,0.0001
"DREHER ONLINE LTD",0.0001,0,0.0001
"Wirtualna Polska",0.0001,0,0.0001
"Olympic Channel Services SL",0.0001,0,0.0001
"Glance Networks Inc",0.0001,0.0001,0
"Free Software Foundation",0.0001,0,0.0001
"Meetup, Inc.",0.0001,0,0.0001
"Tomksoft S.A.",0.0001,0.0001,0
"WalletConnect",0.0001,0,0.0001
"Unibet Group PLC",0.0001,0.0001,0
"RTK.IO, Inc",0.0001,0,0.0001
"Nvidia Corporation",0.0001,0.0001,0
"Aziz Rahimtoola",0.0001,0.0001,0
"ESRI",0.0001,0.0001,0
"CHIP Digital Gmbh",0.0001,0.0001,0
"Iterable, Inc.",0.0001,0,0.0001
"650 Industries, Inc",0.0001,0,0.0001
"pixiv Inc.",0.0001,0.0001,0
"TechIO Ltd",0.0001,0.0001,0
"R.T.I S.p.A.",0.0001,0,0.0001
"Vettor Corporation",0.0001,0,0.0001
"TrafMag",0.0001,0.0001,0
"SRvision BV",0.0001,0,0.0001
"Snake Oil, Ltd",0.0001,0,0.0001
"Chatango LLC.",0.0001,0,0.0001
"Wondershare Technology Co., Ltd.",0.0001,0.0001,0
"GameAnalytics ApS",0.0001,0,0.0001
"France Hardware",0.0001,0.0001,0
"bet365 Group Limited",0.0001,0.0001,0
"Shappify",0.0001,0.0001,0
"So-net Media Networks Corporation.",0.0001,0.0001,0
"ABXY LLC",0.0001,0,0.0001
"AdSpyglass",0.0001,0,0.0001
"DeepConverse",0.0001,0.0001,0
"Logitech Inc. SA",0.0001,0,0.0001
"Terminus",0.0001,0.0001,0
"Telegram Messenger LLP",0.0001,0,0.0001
"Aaron Black",0.0001,0.0001,0
"Smile Inc.",0.0001,0.0001,0
"Fusemachines",0.0001,0,0.0001
"SpokenLayer",0.0001,0.0001,0
"Totem Entertainment",0.0001,0.0001,0
"Seznam.cz, a.s.",0.0001,0.0001,0
"Network Gateway Solutions",0.0001,0.0001,0
"Synopsys, Inc.",0.0001,0.0001,0
"Internet Billboard a.s.",0.0001,0,0.0001
"PowerReviews, Inc.",0.0001,0.0001,0
"webgarden s.r.o.",0.0001,0.0001,0
"Sargents, Inc.",0.0001,0.0001,0
"Modern Times Group MTG AB",0.0001,0,0.0001
"Liberated Syndication",0.0001,0,0.0001
"Publir",0.0001,0.0001,0
"Bright Market LLC dba FastSpring",0.0001,0,0.0001
"3M Company",0.0001,0,0.0001
"AbeBooks Inc.",0.0001,0.0001,0
"Academia Inc",0.0001,0.0001,0
"adidas AG",0.0001,0,0.0001
"Blokker B.V.",0.0001,0,0.0001
"BCC elektro-speciaalzaken B.V.",0.0001,0,0.0001
"Nederlandse Expert Groep BV",0.0001,0,0.0001
"Lidl Stiftung & Co. KG",0.0001,0,0.0001
"HELLO UMI S.L.",0.0001,0.0001,0
"CommerceAge Ltd",0.0001,0.0001,0
"Viewster AG",0.0001,0.0001,0
"Sony Corporation",0.0001,0,0.0001
"James Robinson",0.0001,0,0.0001
"Patreon, Inc.",0.0001,0.0001,0
"The Trustico Group Ltd",0.0001,0.0001,0
"Getty Images, Inc.",0.0001,0.0001,0
"University of Houston",0.0001,0.0001,0
"JFG NETWORKS",0.0001,0,0.0001
"Ministry of Culture and Islamic Guidance",0.0001,0,0.0001
"IZENPE S.A.",0.0001,0,0.0001
"International Data Group, Inc.",0.0001,0,0.0001
"Foursquare Labs, Inc.",0.0001,0.0001,0
"SecuredTouch Inc.",0.0001,0.0001,0
"Internet Brands Inc",0.0001,0,0.0001
"OWOX, Inc.",0.0001,0,0.0001
"Avast Software s.r.o.",0.0001,0,0.0001
"AD TYRES INTERNATIONAL SLU",0.0001,0.0001,0
"Elfsight",0.0001,0,0.0001
"DB Vertrieb GmbH",0.0001,0.0001,0
"Headway App, Inc",0.0001,0.0001,0
"Vantiv, LLC",0.0001,0,0.0001
"T-Mobile Netherlands B.V.",0.0001,0.0001,0
"Bergfreunde GmbH",0.0001,0,0.0001
"Cyfrowy Polsat S.A.",0.0001,0,0.0001
"Bango.net Ltd",0.0001,0,0.0001
"Choozle, Inc.",0.0001,0.0001,0
"Novomind AG",0.0001,0.0001,0
"Commission Factory Pty Ltd",0.0001,0,0.0001
"AppendAd LTD",0.0001,0.0001,0
"AWEBER SYSTEMS, INC.",0.0001,0,0.0001
"Boozt Fashion AB",0.0001,0.0001,0
"Synthetix Ltd",0.0001,0.0001,0
"Cybernet Entertainment LLC",0.0001,0,0.0001
"Bose Corporation",0.0001,0.0001,0
"Uniqodo Limited",0.0001,0.0001,0
"Roland Corporation",0.0001,0.0001,0
"emfluence, llc",0.0001,0.0001,0
"Ninja Tools Inc.",0.0001,0.0001,0
"AdSupply, Inc.",0.0001,0.0001,0
"International Consolidated Airlines Group S.A.",0.0001,0,0.0001
"CardinalCommerce Corporation",0.0001,0.0001,0
"Recurly, Inc.",0.0001,0.0001,0
"Your Holding B.V.",0.0001,0,0.0001
"LLC CDN-video",0.0001,0,0.0001
"spoteam.com",0.0001,0.0001,0
"PubNub",0.0001,0,0.0001
"PIRIFORM SOFTWARE LIMITED",0.0001,0,0.0001
"Corte Lodato LLC",0.0001,0,0.0001
"Channel Four Television Company Limited",0.0001,0.0001,0
"Travix International",0.0001,0.0001,0
"Pierre et Vacances",0.0001,0.0001,0
"Allegro.pl sp. z o.o.",0.0001,0,0.0001
"Chrono24 GmbH",0.0001,0.0001,0
"Zmags Corp.",0.0001,0.0001,0
"H & M Hennes & Mauritz AB",0.0001,0.0001,0
"Locl Interactive Inc.",0.0001,0,0.0001
"COMPUTER BILD Digital GmbH",0.0001,0.0001,0
"KOL",0.0001,0.0001,0
"OnScroll Limited",0.0001,0,0.0001
"Enreach Solutions Oy",0.0001,0.0001,0
"BLOGMUSIK",0.0001,0.0001,0
"Ysance",0.0001,0.0001,0
"Adeptmind Inc.",0.0001,0,0.0001
"Toby Marsden",0.0001,0,0.0001
"Shogun Labs, Inc.",0.0001,0.0001,0
"Bluecore Inc.",0.0001,0.0001,0
"Trustwave Holdings, Inc.",0.0001,0,0.0001
"eGain Corporation",0.0001,0.0001,0
"Call Tracking Metrics LLC",0.0001,0.0001,0
"Discovery Communications Europe Limited",0.0001,0.0001,0
"Discovery Communications, LLC",0.0001,0,0.0001
"Scripps Networks LLC",0.0001,0.0001,0
"AT&T Services, Inc.",0.0001,0.0001,0
"247 Customer Inc",0.0001,0.0001,0
"Synapse Group, Inc.",0.0001,0,0.0001
"Dyson Ltd",0.0001,0.0001,0
"dm-drogerie markt GmbH + Co. KG",0.0001,0,0.0001
"Admeen B.V.",0.0001,0.0001,0
"Bencom Group BV",0.0001,0,0.0001
"Boxever Limited",0.0001,0,0.0001
"Pricewise B.V.",0.0001,0.0001,0
"Postcode Anywhere",0.0001,0,0.0001
"ACSI Publishing B.V.",0.0001,0.0001,0
"rapidmail GmbH",0.0001,0,0.0001
"CTS Eventim AG & Co. KGaA",0.0001,0.0001,0
"GP One GmbH",0.0001,0.0001,0
"NDC Mediagroep",0.0001,0,0.0001
"Emerce B.V.",0.0001,0,0.0001
"Secret Industries",0.0001,0.0001,0
"Secure Live Media, LLC",0.0001,0,0.0001
"Fiat Chrysler Automobiles",0.0001,0.0001,0
"Avo Software inc.",0.0001,0.0001,0
"Strava",0.0001,0.0001,0
"gutefrage.net GmbH",0.0001,0,0.0001
"Interdeal development Ltd",0.0001,0.0001,0
"FlixMobility GmbH",0.0001,0.0001,0
"Investis Ltd.",0.0001,0.0001,0
"Colossus Media, LLC",0.0001,0,0.0001
"Ford Motor Company",0.0001,0,0.0001
"Fragrantica Inc",0.0001,0,0.0001
"TV SPIELFILM Verlag GmbH",0.0001,0,0.0001
"Act-On Software, Inc.",0.0001,0.0001,0
"TMD Swiss AG",0.0001,0,0.0001
"Moarty",0.0001,0.0001,0
"Médiamétrie",0.0001,0.0001,0
"NicePeopleAtWork S.L.",0.0001,0,0.0001
"Funda Real Estate B.V.",0.0001,0,0.0001
"Strategy Informer",0.0001,0,0.0001
"Walmart Inc.",0.0001,0,0.0001
"Publitas.com B.V.",0.0001,0,0.0001
"RealSM Ltd.",0.0001,0,0.0001
"SendPulse Inc",0.0001,0,0.0001
"Gemeente Groningen",0.0001,0,0.0001
"Eckstut Enterprises LLC",0.0001,0.0001,0
"Glassdoor, Inc.",0.0001,0.0001,0
"Provide Support LLC",0.0001,0.0001,0
"Compassion International",0.0001,0,0.0001
"Logos Research Systems, Inc.",0.0001,0.0001,0
"About, Inc.",0.0001,0,0.0001
"Grohe AG",0.0001,0.0001,0
"Travelex Limited",0.0001,0.0001,0
"Fenix Outdoor E-com AB",0.0001,0,0.0001
"Farfetch UK Limited",0.0001,0.0001,0
"Castle Intelligence, Inc.",0.0001,0,0.0001
"Delivra",0.0001,0.0001,0
"THEO Technologies",0.0001,0,0.0001
"Refinery29",0.0001,0,0.0001
"GROCERY DELIVERY E-SERVICES USA INC",0.0001,0.0001,0
"ALC",0.0001,0,0.0001
"QuoteLab, LLC",0.0001,0,0.0001
"HOLA, S.L.",0.0001,0,0.0001
"Home24 AG",0.0001,0,0.0001
"WRI Nominees Ltd.",0.0001,0,0.0001
"Datatrans AG",0.0001,0,0.0001
"Innity Sdn Bhd",0.0001,0.0001,0
"UAB SearchNode",0.0001,0.0001,0
"Metrics Delivered LLC",0.0001,0.0001,0
"Dogan Internet Yayinciligi ve Yatirim A.S.",0.0001,0.0001,0
"INOMERA Arge ve Bilişim Hizmetleri A.Ş.",0.0001,0,0.0001
"Savvii B.V.",0.0001,0,0.0001
"Idealo Internet GmbH",0.0001,0.0001,0
"Open Water Development LLC",0.0001,0.0001,0
"Ventiv media",0.0001,0,0.0001
"Immobilien Scout GmbH",0.0001,0,0.0001
"Servicios NÃ¡uticos en Internet",0.0001,0.0001,0
"EMPTY TANK LIMITED",0.0001,0.0001,0
"CodeProject Solutions Inc.",0.0001,0.0001,0
"Saavn, LLC",0.0001,0.0001,0
"Pixalate, Inc.",0.0001,0.0001,0
"CZ Groep Aanvullende Verzekering Zorgverzekeraar",0.0001,0.0001,0
"大北欧通讯设备贸易（上海）有限公司",0.0001,0.0001,0
"Gabia C&S",0.0001,0.0001,0
"Dheera Media",0.0001,0,0.0001
"Kickstartr LLC",0.0001,0,0.0001
"Consumentenbond",0.0001,0.0001,0
"Graphinium",0.0001,0,0.0001
"Benhauer sp. z o.o.",0.0001,0.0001,0
"Shashank Kumar",0.0001,0.0001,0
"nazwa.pl sp. z o.o.",0.0001,0.0001,0
"See the Same S.L",0.0001,0.0001,0
"IDNM CO.",0.0001,0,0.0001
"Bravonext S.A.",0.0001,0.0001,0
"Bauer Systems KG",0.0001,0.0001,0
"CCM BENCHMARK GROUP",0.0001,0.0001,0
"Obshchestvo s ogranichennoj otvetstvennostyu Internet Kholding E-generator",0.0001,0.0001,0
"LLC SMI2",0.0001,0.0001,0
"Buffer Inc.",0.0001,0,0.0001
"Yummly, Inc",0.0001,0.0001,0
"Park taejoon",0.0001,0,0.0001
"Meetic",0.0001,0,0.0001
"Namogoo",0.0001,0.0001,0
"Frankfurter Allgemeine Zeitung GmbH",0.0001,0,0.0001
"The New York Times Company",0.0001,0.0001,0
"SOCIETE EDITRICE DU MONDE",0.0001,0,0.0001
"AfreecaTV co., Ltd",0.0001,0,0.0001
"Detlev Louis Motorrad-Vertriebsgesellschaft mbH",0.0001,0.0001,0
"Vertical Search Limited",0.0001,0,0.0001
"NIC.UA LLC",0.0001,0,0.0001
"Marks and Spencer P.L.C.",0.0001,0,0.0001
"Radiant Media Player EURL",0.0001,0,0.0001
"Mazda Motor Logistics Europe NV",0.0001,0.0001,0
"WebMD, LLC",0.0001,0.0001,0
"AD6MEDIA",0.0001,0,0.0001
"Welcome Media",0.0001,0.0001,0
"Daimler AG",0.0001,0.0001,0
"Miele & Cie. KG",0.0001,0,0.0001
"Glomex GmbH",0.0001,0,0.0001
"Moosite SL",0.0001,0,0.0001
"Mister Auto",0.0001,0.0001,0
"Conviva, Inc.",0.0001,0,0.0001
"Media Today",0.0001,0.0001,0
"Morningstar Inc",0.0001,0.0001,0
"getblue",0.0001,0.0001,0
"INTER CITY ADS (MALAYSIA) SDN. BHD",0.0001,0.0001,0
"MUSIC STORE professional GmbH",0.0001,0,0.0001
"MyHeritage Ltd.",0.0001,0.0001,0
"SPARWELT GmbH",0.0001,0,0.0001
"Lotto24 AG",0.0001,0,0.0001
"Movio",0.0001,0,0.0001
"Koninklijke Nederlandse Akademie van Wetenschappen",0.0001,0.0001,0
"eTrust Pro Inc.",0.0001,0,0.0001
"Equifax Inc.",0.0001,0.0001,0
"Lokku Ltd.",0.0001,0.0001,0
"Telenet BVBA",0.0001,0.0001,0
"Slack Technologies, Inc.",0.0001,0,0.0001
"sourcedefense",0.0001,0.0001,0
"Marketizator Friends SRL",0.0001,0.0001,0
"News Corp Australia Pty Limited",0.0001,0,0.0001
"Vidora, Inc.",0.0001,0.0001,0
"Betgenius Limited",0.0001,0.0001,0
"N.H. HOTELES S.A.",0.0001,0.0001,0
"OeBB-Business Competence Center GmbH",0.0001,0.0001,0
"Nintendo Co., Ltd.",0.0001,0.0001,0
"Nissan Motor Co., Ltd.",0.0001,0.0001,0
"inPowered",0.0001,0.0001,0
"iHM Identity, Inc.",0.0001,0.0001,0
"Mather Economics",0.0001,0,0.0001
"Intergamma B.V.",0.0001,0,0.0001
"Jumbo Supermarkten BV",0.0001,0.0001,0
"Guangzhou Banggood Network Technology Co., Ltd.",0.0001,0,0.0001
"Benchmark Internet Group,LLC",0.0001,0.0001,0
"CuteSoft.net",0.0001,0.0001,0
"Amazine GmbH",0.0001,0.0001,0
"Politie",0.0001,0,0.0001
"ecpm",0.0001,0.0001,0
"42 Ads GmbH",0.0001,0,0.0001
"Corel Corporation",0.0001,0.0001,0
"Albacross Nordic AB",0.0001,0.0001,0
"MINITOOL SOLUTION LTD",0.0001,0,0.0001
"Lantirn Incorporated",0.0001,0.0001,0
"Pantheon Systems, Inc.",0.0001,0,0.0001
"Fashion ID GmbH & Co. KG",0.0001,0.0001,0
"Pfizer Inc.",0.0001,0,0.0001
"Random House IT",0.0001,0,0.0001
"MarketTools, Inc.",0.0001,0.0001,0
"Vivocha S.r.l.",0.0001,0.0001,0
"Idna Domain Admin",0.0001,0,0.0001
"NGP VAN, Inc.",0.0001,0.0001,0
"AbstractBrain srls",0.0001,0.0001,0
"InMoment, Inc.",0.0001,0.0001,0
"YOC AG",0.0001,0.0001,0
"YMLP",0.0001,0,0.0001
"Mailkit",0.0001,0.0001,0
"BitBalloon",0.0001,0.0001,0
"D-rt Groep B.V.",0.0001,0,0.0001
"Builder Homesite, Inc.",0.0001,0,0.0001
"PricewaterhouseCoopers LLP",0.0001,0,0.0001
"CENTURY FUXUAN TECHNOLOGY DEVELOPMENT BEIJING CO,.LTD",0.0001,0,0.0001
"News Corporation",0.0001,0.0001,0
"Dow Jones & Company, Inc.",0.0001,0.0001,0
"NYP Holdings, Inc",0.0001,0.0001,0
"Empire Media Group, LLC",0.0001,0,0.0001
"ChannelAdvisor Corporation",0.0001,0.0001,0
"Reichelt Elektronik GmbH und Co. KG",0.0001,0.0001,0
"Steel House, Inc",0.0001,0.0001,0
"ROSE Bikes GmbH",0.0001,0.0001,0
"Arkose Labs, Inc.",0.0001,0.0001,0
"TomTom International BV",0.0001,0.0001,0
"ROLEX SA",0.0001,0,0.0001
"SportsDirect.com Retail Limited",0.0001,0.0001,0
"AAAS",0.0001,0.0001,0
"Swaen-Advies",0.0001,0.0001,0
"Live Nation Entertainment",0.0001,0.0001,0
"Koninklijke PostNL B.V.",0.0001,0,0.0001
"Shell International Petroleum Company Limited",0.0001,0.0001,0
"buySAFE Inc",0.0001,0.0001,0
"YOUR.ORG, INC.",0.0001,0,0.0001
"GeistM",0.0001,0,0.0001
"Skiresort Service International GmbH",0.0001,0.0001,0
"Comcast Corporation",0.0001,0.0001,0
"BeyondWords",0.0001,0.0001,0
"ImageShack Corp",0.0001,0,0.0001
"Nine Entertainment Co.",0.0001,0.0001,0
"Oktopost Technologies Ltd",0.0001,0.0001,0
"SK Acquisition Ltd.",0.0001,0.0001,0
"Geld.nl B.V.",0.0001,0,0.0001
"Spil Games B.V.",0.0001,0,0.0001
"Reset Digital LLC",0.0001,0.0001,0
"TechTarget, Inc.",0.0001,0.0001,0
"fabfab GmbH",0.0001,0,0.0001
"Bigcommerce Pty Ltd",0.0001,0.0001,0
"JBWG",0.0001,0.0001,0
"cloudinfra",0.0001,0.0001,0
"AdSpirit GmbH",0.0001,0.0001,0
"Motionpoint Corporation",0.0001,0,0.0001
"Taylor and Francis",0.0001,0.0001,0
"France Medias Monde S.A.",0.0001,0,0.0001
"SVERIGES TELEVISION AB",0.0001,0,0.0001
"NHK(Japan Broadcasting Corporation)",0.0001,0,0.0001
"Al Jazeera Media Network",0.0001,0,0.0001
"UNIDAD EDITORIAL SA",0.0001,0,0.0001
"Agoda Company Pte. Ltd.",0.0001,0,0.0001
"Blendle B.V.",0.0001,0,0.0001
"Human Security, Inc.",0.0001,0.0001,0
"CDKitchen, Inc.",0.0001,0,0.0001
"Dos Mil Palabras S.L.",0.0001,0,0.0001
"Red Link To Media SL",0.0001,0,0.0001
"General Mills, Inc.",0.0001,0,0.0001
"Corus Entertainment Inc.",0.0001,0,0.0001
"SARJ, LLC",0.0001,0,0.0001
"News UK & Ireland Ltd",0.0001,0.0001,0
"VF Corporation",0.0001,0,0.0001
"Fox Corporation",0.0001,0.0001,0
"Mixcloud",0.0001,0.0001,0
"HappyRail B.V.",0.0001,0,0.0001
"Matelma International",0.0001,0.0001,0
"TUI AG",0.0001,0.0001,0
"TUI Nederland Holding N.V.,",0.0001,0.0001,0
"Informer Technologies, Inc.",0.0001,0,0.0001
"Comodo CA Limited",0.0001,0.0001,0
"ITTECO",0.0001,0.0001,0
"JustWatch GmbH",0.0001,0,0.0001
"Deichmann SE",0.0001,0,0.0001
"Comm100 Network Corporation",0.0001,0.0001,0
"New Times Media, LLC",0.0001,0.0001,0
"FeedBlitz LLC",0.0001,0.0001,0
"CrowdRiff Inc.",0.0001,0.0001,0
"Simpleview LLC",0.0001,0,0.0001
"VINTED LIMITED",0.0001,0.0001,0
"Cimpress Schweiz GmbH",0.0001,0.0001,0
"Greenbug",0.0001,0,0.0001
"Cloud.IQ Limited",0.0001,0.0001,0
"Somia Reality Oy",0.0001,0.0001,0
"Cedra Net",0.0001,0,0.0001
"Affinity",0.0001,0,0.0001
"econda GmbH",0.0001,0,0.0001
"Clinch Labs ltd",0.0001,0.0001,0
"Webpower Holding",0.0001,0,0.0001
"University of Wisconsin-Madison",0.0001,0.0001,0
"National Oceanic and Atmospheric Administration NOAA",0.0001,0,0.0001
"Meteovista B.V.",0.0001,0,0.0001
"the Meteo Company BV",0.0001,0,0.0001
"ReachDynamics LLC",0.0001,0.0001,0
"Ignite Enterprise Software Solutions, Inc.",0.0001,0.0001,0
"Westwing GmbH",0.0001,0.0001,0
"Western Digital Corporation",0.0001,0.0001,0
"PPC Protect",0.0001,0,0.0001
"SLI Systems, Inc",0.0001,0.0001,0
"AdDefend GmbH",0.0001,0.0001,0
"emetriq GmbH",0.0001,0,0.0001
"SaaS.group LLC",0.0001,0,0.0001
"Adventive, Inc.",0.0001,0.0001,0
"GetResponse sp. z o.o.",0.0001,0.0001,0
"HS Media LLC",0.0001,0.0001,0
"JSC Internet Projects",0.0001,0.0001,0
"ZAM Network",0.0001,0.0001,0
"Vergic AB",0.0001,0.0001,0
"Yieldify",0.0001,0.0001,0
"Appier",0.0001,0.0001,0
"Townsquare Media",0.0001,0.0001,0
"auFeminin.com SA",0.0001,0,0.0001
"Zalando SE",0.0001,0.0001,0
"Norsk Rikskringkasting AS",0.0001,0.0001,0
"Zoover Media B.V.",0.0001,0,0.0001
"NetEase, Inc.",0.0001,0.0001,0
"zooplus AG",0.0001,0.0001,0
"Amai Digital PTE. LTD.",0.0001,0.0001,0
"Vodafone Group Services Limited",0.0001,0.0001,0
